<?xml version="1.0" encoding="UTF-8"?>
<project xmlns="http://www.netbeans.org/ns/project/1">
    <type>org.netbeans.modules.php.project</type>
    <configuration>
        <data xmlns="http://www.netbeans.org/ns/php-project/1">
            <name>ecommerce</name>
        </data>
        <spellchecker-wordlist xmlns="http://www.netbeans.org/ns/spellchecker-wordlist/1">
            <word>Cep</word>
            <word>criar</word>
            <word>Email</word>
            <word>streets</word>
            <word>them</word>
            <word>you</word>
        </spellchecker-wordlist>
    </configuration>
</project>
