<?xml version="1.0" encoding="UTF-8"?>
<project-private xmlns="http://www.netbeans.org/ns/project-private/1">
    <editor-bookmarks xmlns="http://www.netbeans.org/ns/editor-bookmarks/2" lastBookmarkId="0"/>
    <open-files xmlns="http://www.netbeans.org/ns/projectui-open-files/2">
        <group>
            <file>file:/C:/xampp/htdocs/ecommerce/controller/categoriadelete.control.php</file>
            <file>file:/C:/xampp/htdocs/ecommerce/model/produto.class.php</file>
            <file>file:/C:/xampp/htdocs/ecommerce/controller/ncmdelete.control.php</file>
            <file>file:/C:/xampp/htdocs/ecommerce/view/acesso.php</file>
            <file>file:/C:/xampp/htdocs/ecommerce/controller/produtoinsert.control.php</file>
            <file>file:/C:/xampp/htdocs/ecommerce/model/funcionario.class.php</file>
            <file>file:/C:/xampp/htdocs/ecommerce/view/ncm.php</file>
            <file>file:/C:/xampp/htdocs/ecommerce/view/listagem-funcionarios.php</file>
            <file>file:/C:/xampp/htdocs/ecommerce/view/compra_concluida_boleto.php</file>
            <file>file:/C:/xampp/htdocs/ecommerce/controller/nivelacesso.control.php</file>
            <file>file:/C:/xampp/htdocs/ecommerce/view/listagem-codbarras.php</file>
            <file>file:/C:/xampp/htdocs/ecommerce/qrcode/index.php</file>
            <file>file:/C:/xampp/htdocs/ecommerce/view/cadastro-cliente.php</file>
            <file>file:/C:/xampp/htdocs/ecommerce/model/ecommerce.class.php</file>
            <file>file:/C:/xampp/htdocs/ecommerce/view/minha-conta.php</file>
            <file>file:/C:/xampp/htdocs/ecommerce/controller/produtodelete.control.php</file>
            <file>file:/C:/xampp/htdocs/ecommerce/view/footer.php</file>
            <file>file:/C:/xampp/htdocs/ecommerce/controller/ajaxCepFinaliza-Compra.php</file>
            <file>file:/C:/xampp/htdocs/ecommerce/view/finaliza-compra.php</file>
            <file>file:/C:/xampp/htdocs/ecommerce/controller/clienteinsert.control.php</file>
            <file>file:/C:/xampp/htdocs/ecommerce/controller/acessmodel.control.php</file>
            <file>file:/C:/xampp/htdocs/ecommerce/model/sub_categoria.class.php</file>
            <file>file:/C:/xampp/htdocs/ecommerce/view/editor-itens.php</file>
            <file>file:/C:/xampp/htdocs/ecommerce/controller/ajax2.php</file>
            <file>file:/C:/xampp/htdocs/ecommerce/model/tipo_pagto.class.php</file>
            <file>file:/C:/xampp/htdocs/ecommerce/view/painelitens.php</file>
            <file>file:/C:/xampp/htdocs/ecommerce/view/loja.php</file>
            <file>file:/C:/xampp/htdocs/ecommerce/controller/categoriainsert.control.php</file>
            <file>file:/C:/xampp/htdocs/ecommerce/model/cliente.class.php</file>
            <file>file:/C:/xampp/htdocs/ecommerce/controller/categoriaupdate.control.php</file>
            <file>file:/C:/xampp/htdocs/ecommerce/model/fornecedor.class.php</file>
            <file>file:/C:/xampp/htdocs/ecommerce/view/header/headertop.php</file>
            <file>file:/C:/xampp/htdocs/ecommerce/model/ncm.class.php</file>
            <file>file:/C:/xampp/htdocs/ecommerce/view/corpo-produto.php</file>
            <file>file:/C:/xampp/htdocs/ecommerce/web/js/mascaras.js</file>
            <file>file:/C:/xampp/htdocs/ecommerce/controller/produtoupdate.control.php</file>
            <file>file:/C:/xampp/htdocs/ecommerce/view/administrativo.php</file>
            <file>file:/C:/xampp/htdocs/ecommerce/index.php</file>
            <file>file:/C:/xampp/htdocs/ecommerce/controller/ajaxCatSub.php</file>
            <file>file:/C:/xampp/htdocs/ecommerce/model/codbarra.class.php</file>
            <file>file:/C:/xampp/htdocs/ecommerce/view/detalhes.php</file>
            <file>file:/C:/xampp/htdocs/ecommerce/controller/funcionarioselect.control.php</file>
            <file>file:/C:/xampp/htdocs/ecommerce/view/itens.php</file>
            <file>file:/C:/xampp/htdocs/ecommerce/view/itensrecomendados.php</file>
            <file>file:/C:/xampp/htdocs/ecommerce/view/compras.php</file>
            <file>file:/C:/xampp/htdocs/ecommerce/controller/funcaoCalcFrete.php</file>
            <file>file:/C:/xampp/htdocs/ecommerce/controller/ncminsert.control.php</file>
            <file>file:/C:/xampp/htdocs/ecommerce/controller/produtoselect.control.php</file>
            <file>file:/C:/xampp/htdocs/ecommerce/controller/select.control.php</file>
            <file>file:/C:/xampp/htdocs/ecommerce/controller/buscaCEP.php</file>
            <file>file:/C:/xampp/htdocs/ecommerce/view/painelfornecedor.php</file>
            <file>file:/C:/xampp/htdocs/ecommerce/model/categoria.class.php</file>
            <file>file:/C:/xampp/htdocs/ecommerce/view/listagem-ncm.php</file>
            <file>file:/C:/xampp/htdocs/ecommerce/view/header/headerbottom.php</file>
            <file>file:/C:/xampp/htdocs/ecommerce/model/preco.class.php</file>
            <file>file:/C:/xampp/htdocs/ecommerce/view/listagem-itens.php</file>
            <file>file:/C:/xampp/htdocs/ecommerce/controller/codbarrasinsert.control.php</file>
            <file>file:/C:/xampp/htdocs/ecommerce/boletophp-master/boleto_itau.php</file>
            <file>file:/C:/xampp/htdocs/ecommerce/boletophp-master/include/layout_itau.php</file>
            <file>file:/C:/xampp/htdocs/ecommerce/web/js/buscaCep2.js</file>
            <file>file:/C:/xampp/htdocs/ecommerce/model/crud.class.php</file>
            <file>file:/C:/xampp/htdocs/ecommerce/view/header/head.php</file>
            <file>file:/C:/xampp/htdocs/ecommerce/controller/ajaxCep.php</file>
            <file>file:/C:/xampp/htdocs/ecommerce/view/header/headermiddle.php</file>
            <file>file:/C:/xampp/htdocs/ecommerce/controller/ncmupdate.control.php</file>
            <file>file:/C:/xampp/htdocs/ecommerce/web/js/validatepassword.js</file>
            <file>file:/C:/xampp/htdocs/ecommerce/controller/codbarrasupdate.control.php</file>
            <file>file:/C:/xampp/htdocs/ecommerce/view/identificacao.php</file>
        </group>
    </open-files>
</project-private>
